{"cameraMode":{"drawMode":0,"name":"Shaded","section":"Shading Mode"},"sceneLighting":false,"audioPlay":false,"sceneViewState":{"showFog":false,"showMaterialUpdate":false,"showSkybox":false,"showFlares":false,"showImageEffects":false,"showParticleSystems":true},"in2DMode":false,"pivot":{"x":-0.41519951820373537,"y":7.01324987411499,"z":-3.779154062271118},"rotation":{"x":0.0014136562822386623,"y":-0.9983264803886414,"z":0.027860546484589578,"w":0.05065647512674332},"size":2.714989423751831,"orthographic":false}