{"cameraMode":{"drawMode":0,"name":"Shaded","section":"Shading Mode"},"sceneLighting":true,"audioPlay":false,"sceneViewState":{"showFog":false,"showMaterialUpdate":false,"showSkybox":false,"showFlares":false,"showImageEffects":false,"showParticleSystems":true},"in2DMode":false,"pivot":{"x":-0.6993117332458496,"y":1.7921806573867798,"z":-0.2361258715391159},"rotation":{"x":-0.11452356725931168,"y":0.7919710874557495,"z":-0.15667714178562165,"w":-0.5788941979408264},"size":4.074783802032471,"orthographic":false}