{"cameraMode":{"drawMode":0,"name":"Shaded","section":"Shading Mode"},"sceneLighting":false,"audioPlay":false,"sceneViewState":{"showFog":false,"showMaterialUpdate":false,"showSkybox":false,"showFlares":false,"showImageEffects":false,"showParticleSystems":true},"in2DMode":false,"pivot":{"x":1.0988671779632569,"y":6.913605690002441,"z":-3.8533473014831545},"rotation":{"x":-0.0018555284477770329,"y":-0.9967191815376282,"z":-0.02392585203051567,"w":0.077298603951931},"size":2.714989423751831,"orthographic":false}