{"cameraMode":{"drawMode":0,"name":"Shaded","section":"Shading Mode"},"sceneLighting":false,"audioPlay":false,"sceneViewState":{"showFog":false,"showMaterialUpdate":false,"showSkybox":false,"showFlares":false,"showImageEffects":false,"showParticleSystems":true},"in2DMode":false,"pivot":{"x":0.7235894799232483,"y":2.0333762168884279,"z":-2.224127769470215},"rotation":{"x":0.14510832726955415,"y":-0.6561514735221863,"z":0.13061928749084474,"w":0.7289358377456665},"size":2.7149901390075685,"orthographic":false}